/*
SQLyog Community v13.3.0 (64 bit)
MySQL - 10.4.32-MariaDB : Database - country_akinator
*********************************************************************
*/

/*!40101 SET NAMES utf8 */;

/*!40101 SET SQL_MODE=''*/;

/*!40014 SET @OLD_UNIQUE_CHECKS=@@UNIQUE_CHECKS, UNIQUE_CHECKS=0 */;
/*!40014 SET @OLD_FOREIGN_KEY_CHECKS=@@FOREIGN_KEY_CHECKS, FOREIGN_KEY_CHECKS=0 */;
/*!40101 SET @OLD_SQL_MODE=@@SQL_MODE, SQL_MODE='NO_AUTO_VALUE_ON_ZERO' */;
/*!40111 SET @OLD_SQL_NOTES=@@SQL_NOTES, SQL_NOTES=0 */;
CREATE DATABASE /*!32312 IF NOT EXISTS*/`country_akinator` /*!40100 DEFAULT CHARACTER SET utf8mb4 COLLATE utf8mb4_unicode_ci */;

USE `country_akinator`;

/*Table structure for table `countries` */

DROP TABLE IF EXISTS `countries`;

CREATE TABLE `countries` (
  `id` int(11) NOT NULL AUTO_INCREMENT,
  `name` varchar(100) NOT NULL,
  `continent` enum('africa','americas','asia','europe','oceania') NOT NULL,
  `religion_majority` enum('christianity','islam','hinduism','buddhism','judaism','folk_religion','unaffiliated','mixed','other') DEFAULT NULL,
  `main_language_family` enum('indo_european','sino_tibetan','afro_asiatic','niger_congo','austronesian','dravidian','turkic','uralic','japonic','koreanic','kra_dai','austroasiatic','kartvelian','semitic','other','mixed') DEFAULT NULL,
  `an_island_or_archipelago` tinyint(1) DEFAULT NULL,
  `landlocked` tinyint(1) NOT NULL DEFAULT 0,
  `in_latin_america` tinyint(1) DEFAULT NULL,
  `on_equator` tinyint(1) NOT NULL DEFAULT 0,
  `fully_in_the_southern_hemisphere` tinyint(1) DEFAULT NULL,
  `on_the_sahara_desert` tinyint(1) DEFAULT NULL,
  `crossed_by_danube` tinyint(1) NOT NULL DEFAULT 0,
  `crossed_by_nile` tinyint(1) NOT NULL DEFAULT 0,
  `have_coast_on_the_pacific_ocean` tinyint(1) DEFAULT NULL,
  `have_coast_on_the_indian_ocean` tinyint(1) DEFAULT NULL,
  `have_coast_on_the_atlantic_ocean` tinyint(1) DEFAULT NULL,
  `have_coast_on_the_arctic_ocean` tinyint(1) DEFAULT NULL,
  `have_coast_on_the_caspian_sea` tinyint(1) DEFAULT NULL,
  `have_coast_on_the_mediterranean_sea` tinyint(1) DEFAULT NULL,
  `a_monarchy` tinyint(1) DEFAULT NULL,
  `a_federation` tinyint(1) DEFAULT NULL,
  `have_nuclear_weapons` tinyint(1) DEFAULT NULL,
  `capital_is_largest` tinyint(1) NOT NULL DEFAULT 0,
  `drive_on_the_left_side_of_the_road` tinyint(1) DEFAULT NULL,
  `claim_land_in_antarctica` tinyint(1) DEFAULT NULL,
  `horizontal_tricolor` tinyint(1) NOT NULL DEFAULT 0,
  `vertical_tricolor` tinyint(1) NOT NULL DEFAULT 0,
  `cross_flag` tinyint(1) NOT NULL DEFAULT 0,
  `crescent_flag` tinyint(1) NOT NULL DEFAULT 0,
  `star_flag` tinyint(1) NOT NULL DEFAULT 0,
  `population` bigint(20) DEFAULT NULL,
  `area` bigint(20) DEFAULT NULL,
  `number_of_bordering_countries` int(11) DEFAULT NULL,
  PRIMARY KEY (`id`),
  UNIQUE KEY `name` (`name`)
) ENGINE=InnoDB AUTO_INCREMENT=194 DEFAULT CHARSET=utf8mb4 COLLATE=utf8mb4_unicode_ci;

/*Data for the table `countries` */

insert  into `countries`(`id`,`name`,`continent`,`religion_majority`,`main_language_family`,`an_island_or_archipelago`,`landlocked`,`in_latin_america`,`on_equator`,`fully_in_the_southern_hemisphere`,`on_the_sahara_desert`,`crossed_by_danube`,`crossed_by_nile`,`have_coast_on_the_pacific_ocean`,`have_coast_on_the_indian_ocean`,`have_coast_on_the_atlantic_ocean`,`have_coast_on_the_arctic_ocean`,`have_coast_on_the_caspian_sea`,`have_coast_on_the_mediterranean_sea`,`a_monarchy`,`a_federation`,`have_nuclear_weapons`,`capital_is_largest`,`drive_on_the_left_side_of_the_road`,`claim_land_in_antarctica`,`horizontal_tricolor`,`vertical_tricolor`,`cross_flag`,`crescent_flag`,`star_flag`,`population`,`area`,`number_of_bordering_countries`) values 
(1,'Afghanistan','asia','islam','indo_european',0,1,0,0,0,0,0,0,0,0,0,0,0,0,0,0,0,1,0,0,0,1,0,0,0,38041754,652230,6),
(2,'Albania','europe','islam','indo_european',0,0,0,0,0,0,0,0,0,0,0,0,0,1,0,0,0,1,0,0,0,0,0,0,0,2854191,28748,4),
(3,'Algeria','africa','islam','afro_asiatic',0,0,0,0,0,1,0,0,0,0,0,0,0,1,0,0,0,1,0,0,0,0,0,1,1,43053054,2381741,7),
(4,'Andorra','europe','christianity','indo_european',0,1,0,0,0,0,0,0,0,0,0,0,0,0,1,0,0,1,0,0,0,1,0,0,0,77142,468,2),
(5,'Angola','africa','christianity','niger_congo',0,0,0,0,1,0,0,0,0,0,1,0,0,0,0,0,0,1,0,0,0,0,0,0,1,31825295,1246700,4),
(6,'Antigua and Barbuda','americas','christianity','indo_european',1,0,0,0,0,0,0,0,0,0,1,0,0,0,1,0,0,1,1,0,0,0,0,0,1,97118,442,0),
(7,'Argentina','americas','christianity','indo_european',0,0,1,0,1,0,0,0,0,0,1,0,0,0,0,1,0,1,0,1,1,0,0,0,0,44938712,2780400,5),
(8,'Armenia','asia','christianity','indo_european',0,1,0,0,0,0,0,0,0,0,0,0,0,0,0,0,0,1,0,0,1,0,0,0,0,2957731,29743,4),
(9,'Australia','oceania','christianity','indo_european',1,0,0,0,1,0,0,0,1,1,0,0,0,0,1,1,0,0,1,1,0,0,1,0,1,25766605,7692024,0),
(10,'Austria','europe','christianity','indo_european',0,1,0,0,0,0,1,0,0,0,0,0,0,0,0,1,0,1,0,0,1,0,0,0,0,8877067,83871,8),
(11,'Azerbaijan','asia','islam','turkic',0,1,0,0,0,0,0,0,0,0,0,0,1,0,0,0,0,1,0,0,1,0,0,1,1,10023318,86600,5),
(12,'Bahamas','americas','christianity','indo_european',1,0,0,0,0,0,0,0,0,0,1,0,0,0,1,0,0,1,1,0,1,0,0,0,0,389482,13943,0),
(13,'Bahrain','asia','islam','semitic',1,0,0,0,0,0,0,0,0,0,0,0,0,0,1,0,0,0,0,0,0,0,0,0,0,1501635,765,0),
(14,'Bangladesh','asia','islam','indo_european',0,0,0,0,0,0,0,0,0,1,0,0,0,0,0,0,0,1,1,0,0,0,0,0,0,167310838,147570,2),
(15,'Barbados','americas','christianity','indo_european',1,0,0,0,0,0,0,0,0,0,1,0,0,0,0,0,0,1,1,0,0,1,0,0,0,287025,430,0),
(16,'Belarus','europe','christianity','indo_european',0,1,0,0,0,0,0,0,0,0,0,0,0,0,0,0,0,1,0,0,0,0,0,0,0,9466856,207600,5),
(17,'Belgium','europe','christianity','indo_european',0,0,0,0,0,0,0,0,0,0,1,0,0,0,1,1,0,1,0,0,0,1,0,0,0,11484055,30528,4),
(18,'Belize','americas','christianity','indo_european',0,0,0,0,0,0,0,0,0,0,1,0,0,0,1,0,0,0,0,0,0,0,0,0,0,390353,22966,2),
(19,'Benin','africa','christianity','niger_congo',0,0,0,0,0,0,0,0,0,0,1,0,0,0,0,0,0,0,0,0,0,0,0,0,1,11801151,112622,4),
(20,'Bhutan','asia','buddhism','sino_tibetan',0,1,0,0,0,0,0,0,0,0,0,0,0,0,1,0,0,1,1,0,0,0,0,0,0,727145,38394,2),
(21,'Bolivia','americas','christianity','indo_european',0,1,1,0,0,0,0,0,0,0,0,0,0,0,0,0,0,0,0,0,1,0,0,0,0,11513100,1098581,5),
(22,'Bosnia and Herzegovina','europe','islam','indo_european',0,0,0,0,0,0,0,0,0,0,0,0,0,1,0,1,0,0,0,0,0,0,0,0,1,3301000,51209,3),
(23,'Botswana','africa','christianity','niger_congo',0,1,0,0,1,0,0,0,0,0,0,0,0,0,0,0,0,1,1,0,0,0,0,0,0,2346179,582000,4),
(24,'Brazil','americas','christianity','indo_european',0,0,1,1,0,0,0,0,0,0,1,0,0,0,0,1,0,0,0,0,0,0,0,0,1,212559417,8515767,10),
(25,'Brunei','asia','islam','austronesian',1,0,0,0,0,0,0,0,1,0,0,0,0,0,1,0,0,1,1,0,0,0,0,1,0,433285,5765,1),
(26,'Bulgaria','europe','christianity','indo_european',0,0,0,0,0,0,1,0,0,0,0,0,0,0,0,0,0,1,0,0,1,0,0,0,0,6975761,110879,5),
(27,'Burkina Faso','africa','islam','niger_congo',0,1,0,0,0,0,0,0,0,0,0,0,0,0,0,0,0,1,0,0,0,0,0,0,1,20321378,272967,6),
(28,'Burundi','africa','christianity','niger_congo',0,1,0,0,1,0,0,0,0,0,0,0,0,0,0,0,0,0,0,0,0,0,0,0,1,11530580,27834,3),
(29,'Cambodia','asia','buddhism','austroasiatic',0,0,0,0,0,0,0,0,1,0,0,0,0,0,1,0,0,1,0,0,0,0,0,0,0,16486542,181035,3),
(30,'Cameroon','africa','christianity','mixed',0,0,0,0,0,0,0,0,0,0,1,0,0,0,0,0,0,0,0,0,0,1,0,0,1,25876380,475442,6),
(31,'Canada','americas','christianity','indo_european',0,0,0,0,0,0,0,0,1,0,1,1,0,0,1,1,0,0,0,0,0,0,0,0,0,36991981,9984670,1),
(32,'Cape Verde','africa','christianity','indo_european',1,0,0,0,0,0,0,0,0,0,1,0,0,0,0,0,0,1,0,0,0,0,0,0,1,483628,4033,0),
(33,'Central African Republic','africa','christianity','niger_congo',0,1,0,0,0,0,0,0,0,0,0,0,0,0,0,0,0,1,0,0,0,0,0,0,1,4745185,622984,6),
(34,'Chad','africa','islam','mixed',0,1,0,0,0,1,0,0,0,0,0,0,0,0,0,0,0,1,0,0,0,1,0,0,0,15946876,1284000,6),
(35,'Chile','americas','christianity','indo_european',0,0,1,0,1,0,0,0,1,0,0,0,0,0,0,0,0,1,0,1,0,0,0,0,1,18952038,756102,3),
(36,'China','asia','unaffiliated','sino_tibetan',0,0,0,0,0,0,0,0,1,0,0,0,0,0,0,0,1,0,0,0,0,0,0,0,1,1397715000,9706961,16),
(37,'Colombia','americas','christianity','indo_european',0,0,1,1,0,0,0,0,1,0,1,0,0,0,0,0,0,1,0,0,1,0,0,0,0,50339443,1141748,5),
(38,'Comoros','africa','islam','austronesian',1,0,0,0,1,0,0,0,0,1,0,0,0,0,0,1,0,1,0,0,0,0,0,1,1,850886,1862,0),
(39,'Congo','africa','christianity','niger_congo',0,0,0,1,0,0,0,0,0,0,1,0,0,0,0,0,0,1,0,0,0,0,0,0,1,5380508,342000,5),
(40,'Costa Rica','americas','christianity','indo_european',0,0,1,0,0,0,0,0,1,0,1,0,0,0,0,0,0,1,0,0,0,0,0,0,0,5047561,51100,2),
(41,'Croatia','europe','christianity','indo_european',0,0,0,0,0,0,1,0,0,0,0,0,0,1,0,0,0,1,0,0,1,0,0,0,0,4067500,56594,5),
(42,'Cuba','americas','christianity','indo_european',1,0,1,0,0,0,0,0,0,0,1,0,0,0,0,0,0,1,0,0,0,0,0,0,1,11333483,109884,0),
(43,'Cyprus','europe','christianity','mixed',1,0,0,0,0,0,0,0,0,0,0,0,0,1,0,0,0,1,1,0,0,0,0,0,0,1198575,9251,0),
(44,'Czechia','europe','unaffiliated','indo_european',0,1,0,0,0,0,0,0,0,0,0,0,0,0,0,0,0,1,0,0,0,0,0,0,0,10669709,78865,4),
(45,'DR Congo','africa','christianity','niger_congo',0,0,0,1,0,0,0,0,0,0,1,0,0,0,0,0,0,1,0,0,0,0,0,0,0,86790567,2344858,9),
(46,'Denmark','europe','christianity','indo_european',0,0,0,0,0,0,0,0,0,0,1,1,0,0,1,0,0,1,0,0,0,0,1,0,0,5818553,43094,1),
(47,'Djibouti','africa','islam','afro_asiatic',0,0,0,0,0,0,0,0,0,1,0,0,0,0,0,0,0,1,0,0,0,0,0,0,1,973560,23200,3),
(48,'Dominica','americas','christianity','indo_european',1,0,0,0,0,0,0,0,0,0,1,0,0,0,0,0,0,1,1,0,0,0,0,0,1,71808,751,0),
(49,'Dominican Republic','americas','christianity','indo_european',1,0,1,0,0,0,0,0,0,0,1,0,0,0,0,0,0,1,0,0,0,0,1,0,0,10738958,48671,1),
(50,'Ecuador','americas','christianity','indo_european',0,0,1,1,0,0,0,0,1,0,0,0,0,0,0,0,0,1,0,0,1,0,0,0,0,17373662,276841,2),
(51,'Egypt','africa','islam','semitic',0,0,0,0,0,1,0,1,0,0,0,0,0,1,0,0,0,1,0,0,1,0,0,0,0,100388073,1002450,4),
(52,'El Salvador','americas','christianity','indo_european',0,0,1,0,0,0,0,0,1,0,0,0,0,0,0,0,0,1,0,0,1,0,0,0,0,6453553,21041,2),
(53,'Equatorial Guinea','africa','christianity','niger_congo',0,0,0,0,0,0,0,0,0,0,1,0,0,0,0,0,0,1,0,0,1,0,0,0,0,1355986,28051,2),
(54,'Eritrea','africa','christianity','afro_asiatic',0,0,0,0,0,0,0,0,0,0,0,0,0,0,0,0,0,1,0,0,0,0,0,0,0,6333135,117600,3),
(55,'Estonia','europe','unaffiliated','uralic',0,0,0,0,0,0,0,0,0,0,0,0,0,0,0,0,0,1,0,0,1,0,0,0,0,1331824,45227,2),
(56,'Eswatini','africa','christianity','niger_congo',0,1,0,0,1,0,0,0,0,0,0,0,0,0,1,0,0,1,1,0,0,0,0,0,0,1093238,17364,2),
(57,'Ethiopia','africa','christianity','afro_asiatic',0,1,0,0,0,0,0,1,0,0,0,0,0,0,0,1,0,1,0,0,1,0,0,0,0,112078730,1104300,6),
(58,'Fiji','oceania','christianity','austronesian',1,0,0,0,1,0,0,0,0,0,0,0,0,0,0,0,0,1,1,0,0,0,1,0,0,889953,18272,0),
(59,'Finland','europe','christianity','uralic',0,0,0,0,0,0,0,0,0,0,0,0,0,0,0,0,0,1,0,0,0,0,1,0,0,5520314,338424,3),
(60,'France','europe','christianity','indo_european',0,0,0,0,0,0,0,0,0,0,1,0,0,1,0,0,1,1,0,1,0,1,0,0,0,67059887,551695,8),
(61,'Gabon','africa','christianity','niger_congo',0,0,0,1,0,0,0,0,0,0,1,0,0,0,0,0,0,1,0,0,1,0,0,0,0,2172579,267668,3),
(62,'Gambia','africa','islam','niger_congo',0,0,0,0,0,0,0,0,0,0,1,0,0,0,0,0,0,0,0,0,0,0,0,0,0,2347706,10689,1),
(63,'Georgia','asia','christianity','kartvelian',0,0,0,0,0,0,0,0,0,0,0,0,0,0,0,0,0,1,0,0,0,0,1,0,0,3720382,69700,4),
(64,'Germany','europe','christianity','indo_european',0,0,0,0,0,0,1,0,0,0,1,0,0,0,0,1,0,1,0,0,1,0,0,0,0,83132799,357114,9),
(65,'Ghana','africa','christianity','niger_congo',0,0,0,0,0,0,0,0,0,0,1,0,0,0,0,0,0,1,0,0,1,0,0,0,1,30792608,238533,3),
(66,'Greece','europe','christianity','indo_european',0,0,0,0,0,0,0,0,0,0,0,0,0,1,0,0,0,0,0,0,0,0,1,0,0,10716322,131990,4),
(67,'Grenada','americas','christianity','indo_european',1,0,0,0,0,0,0,0,0,0,1,0,0,0,1,0,0,1,1,0,0,0,0,0,1,112003,344,0),
(68,'Guatemala','americas','christianity','indo_european',0,0,1,0,0,0,0,0,1,0,1,0,0,0,0,0,0,1,0,0,0,1,0,0,0,16604026,108889,4),
(69,'Guinea','africa','islam','niger_congo',0,0,0,0,0,0,0,0,0,0,1,0,0,0,0,0,0,0,0,0,0,1,0,0,0,12771246,245857,6),
(70,'Guinea-Bissau','africa','islam','niger_congo',0,0,0,0,0,0,0,0,0,0,1,0,0,0,0,0,0,1,0,0,0,0,0,0,1,1920922,36125,2),
(71,'Guyana','americas','christianity','indo_european',0,0,0,0,0,0,0,0,0,0,1,0,0,0,0,0,0,1,1,0,0,0,0,0,0,782766,214969,3),
(72,'Haiti','americas','christianity','indo_european',1,0,1,0,0,0,0,0,0,0,1,0,0,0,0,0,0,1,0,0,0,0,0,0,0,11263077,27750,1),
(73,'Honduras','americas','christianity','indo_european',0,0,1,0,0,0,0,0,1,0,1,0,0,0,0,0,0,1,0,0,1,0,0,0,1,9746117,112492,3),
(74,'Hungary','europe','christianity','uralic',0,1,0,0,0,0,1,0,0,0,0,0,0,0,0,0,0,1,0,0,1,0,0,0,0,9769949,93028,7),
(75,'Iceland','europe','christianity','indo_european',1,0,0,0,0,0,0,0,0,0,1,1,0,0,0,0,0,1,0,0,0,0,1,0,0,361313,103000,0),
(76,'India','asia','hinduism','mixed',0,0,0,0,0,0,0,0,0,1,0,0,0,0,0,1,1,0,1,0,1,0,0,0,0,1366417754,3287590,6),
(77,'Indonesia','asia','islam','austronesian',1,0,0,1,0,0,0,0,1,1,0,0,0,0,0,0,0,0,1,0,0,0,0,0,0,270203917,1904569,3),
(78,'Iran','asia','islam','indo_european',0,0,0,0,0,0,0,0,0,1,0,0,1,0,0,0,0,1,0,0,1,0,0,0,0,82913906,1648195,7),
(79,'Iraq','asia','islam','semitic',0,0,0,0,0,0,0,0,0,0,0,0,0,0,0,1,0,1,0,0,1,0,0,0,0,39309783,438317,6),
(80,'Ireland','europe','christianity','indo_european',1,0,0,0,0,0,0,0,0,0,1,0,0,0,0,0,0,1,1,0,0,1,0,0,0,5007069,70273,1),
(81,'Israel','asia','judaism','semitic',0,0,0,0,0,0,0,0,0,0,0,0,0,1,0,0,1,1,0,0,0,0,0,0,1,9053300,20770,5),
(82,'Italy','europe','christianity','indo_european',0,0,0,0,0,0,0,0,0,0,0,0,0,1,0,0,0,1,0,0,0,1,0,0,0,60297396,301336,6),
(83,'Ivory Coast','africa','christianity','niger_congo',0,0,0,0,0,0,0,0,0,0,1,0,0,0,0,0,0,0,0,0,0,1,0,0,0,25716544,322463,5),
(84,'Jamaica','americas','christianity','indo_european',1,0,0,0,0,0,0,0,0,0,1,0,0,0,1,0,0,1,1,0,0,0,0,0,0,2948279,10991,0),
(85,'Japan','asia','unaffiliated','japonic',1,0,0,0,0,0,0,0,1,0,0,0,0,0,1,0,0,1,1,0,0,0,0,0,1,126226568,377930,0),
(86,'Jordan','asia','islam','semitic',0,0,0,0,0,0,0,0,0,0,0,0,0,0,1,0,0,1,0,0,1,0,0,0,1,10101694,89342,5),
(87,'Kazakhstan','asia','islam','turkic',0,1,0,0,0,0,0,0,0,0,0,0,1,0,0,0,0,0,0,0,0,0,0,0,0,18513930,2724900,5),
(88,'Kenya','africa','christianity','niger_congo',0,0,0,1,0,0,0,0,0,1,0,0,0,0,0,0,0,1,1,0,0,0,0,0,0,52573973,580367,5),
(89,'Kiribati','oceania','christianity','austronesian',1,0,0,1,0,0,0,0,1,0,0,0,0,0,0,0,0,1,1,0,0,0,0,0,1,117606,811,0),
(90,'Kuwait','asia','islam','semitic',0,0,0,0,0,0,0,0,0,0,0,0,0,0,1,0,0,1,0,0,1,0,0,0,0,4207083,17818,2),
(91,'Kyrgyzstan','asia','islam','turkic',0,1,0,0,0,0,0,0,0,0,0,0,0,0,0,0,0,1,0,0,0,0,0,0,0,6456900,199951,4),
(92,'Laos','asia','buddhism','kra_dai',0,1,0,0,0,0,0,0,0,0,0,0,0,0,0,0,0,1,0,0,1,0,0,0,0,7169455,236800,5),
(93,'Latvia','europe','christianity','indo_european',0,0,0,0,0,0,0,0,0,0,0,0,0,0,0,0,0,1,0,0,1,0,0,0,0,1912789,64559,4),
(94,'Lebanon','asia','islam','semitic',0,0,0,0,0,0,0,0,0,0,0,0,0,1,0,0,0,0,0,0,0,0,0,0,0,6855713,10452,2),
(95,'Lesotho','africa','christianity','indo_european',0,1,0,0,1,0,0,0,0,0,0,0,0,0,1,0,0,1,1,0,0,0,0,0,0,2125268,30355,1),
(96,'Liberia','africa','christianity','niger_congo',0,0,0,0,0,0,0,0,0,0,1,0,0,0,0,0,0,1,0,0,0,0,0,0,1,4937374,111369,3),
(97,'Libya','africa','islam','afro_asiatic',0,0,0,0,0,1,0,0,0,0,0,0,0,1,0,0,0,1,0,0,0,0,0,1,1,6777452,1759540,6),
(98,'Liechtenstein','europe','christianity','indo_european',0,1,0,0,0,0,0,0,0,0,0,0,0,0,1,0,0,1,0,0,0,0,0,0,0,38019,160,2),
(99,'Lithuania','europe','christianity','indo_european',0,0,0,0,0,0,0,0,0,0,0,0,0,0,0,0,0,1,0,0,1,0,0,0,0,2786844,65300,4),
(100,'Luxembourg','europe','christianity','indo_european',0,1,0,0,0,0,0,0,0,0,0,0,0,0,1,0,0,1,0,0,1,0,0,0,0,645397,2586,3),
(101,'Madagascar','africa','christianity','austronesian',1,0,0,0,1,0,0,0,0,1,0,0,0,0,0,0,0,1,0,0,0,0,0,0,0,26969307,587041,0),
(102,'Malawi','africa','christianity','niger_congo',0,1,0,0,1,0,0,0,0,0,0,0,0,0,0,0,0,1,1,0,1,0,0,0,1,18628747,118484,3),
(103,'Malaysia','asia','islam','austronesian',0,0,0,0,0,0,0,0,1,1,0,0,0,0,1,1,0,0,1,0,0,0,0,1,1,32447385,330803,3),
(104,'Maldives','asia','islam','indo_european',1,0,0,0,0,0,0,0,0,1,0,0,0,0,0,0,0,1,1,0,0,0,0,1,0,530953,300,0),
(105,'Mali','africa','islam','niger_congo',0,1,0,0,0,1,0,0,0,0,0,0,0,0,0,0,0,1,0,0,0,1,0,0,0,19658031,1240192,7),
(106,'Malta','europe','christianity','indo_european',1,0,0,0,0,0,0,0,0,0,0,0,0,1,0,0,0,0,1,0,0,0,1,0,0,502653,316,0),
(107,'Marshall Islands','oceania','christianity','austronesian',1,0,0,0,0,0,0,0,1,0,0,0,0,0,0,0,0,1,0,0,0,0,0,0,1,58791,181,0),
(108,'Mauritania','africa','islam','semitic',0,0,0,0,0,1,0,0,0,0,1,0,0,0,0,0,0,1,0,0,0,0,0,1,1,4525696,1030700,4),
(109,'Mauritius','africa','hinduism','indo_european',1,0,0,0,1,0,0,0,0,1,0,0,0,0,0,0,0,1,1,0,0,0,0,0,0,1265711,2040,0),
(110,'Mexico','americas','christianity','indo_european',0,0,1,0,0,0,0,0,1,0,1,0,0,0,0,0,0,1,0,0,0,1,0,0,0,126014024,1964375,3),
(111,'Micronesia','oceania','christianity','austronesian',1,0,0,0,0,0,0,0,1,0,0,0,0,0,0,1,0,1,0,0,0,0,0,0,1,113815,702,0),
(112,'Moldova','europe','christianity','indo_european',0,1,0,0,0,0,1,0,0,0,0,0,0,0,0,0,0,1,0,0,0,1,0,0,0,2657637,33846,2),
(113,'Monaco','europe','christianity','indo_european',0,0,0,0,0,0,0,0,0,0,0,0,0,1,1,0,0,1,0,0,0,0,0,0,0,38964,2,1),
(114,'Mongolia','asia','buddhism','other',0,1,0,0,0,0,0,0,0,0,0,0,0,0,0,0,0,1,0,0,0,1,0,1,0,3225167,1564110,2),
(115,'Montenegro','europe','christianity','indo_european',0,0,0,0,0,0,0,0,0,0,0,0,0,1,0,0,0,1,0,0,0,0,0,0,0,622137,13812,5),
(116,'Morocco','africa','islam','afro_asiatic',0,0,0,0,0,1,0,0,0,0,1,0,0,1,1,0,0,0,0,0,0,0,0,0,1,36910560,446550,3),
(117,'Mozambique','africa','christianity','niger_congo',0,0,0,0,1,0,0,0,0,1,0,0,0,0,0,0,0,1,1,0,0,0,0,0,1,30366036,801590,6),
(118,'Myanmar','asia','buddhism','sino_tibetan',0,0,0,0,0,0,0,0,0,1,0,0,0,0,0,0,0,0,0,0,1,0,0,0,1,54045420,676578,5),
(119,'Namibia','africa','christianity','niger_congo',0,0,0,0,1,0,0,0,0,0,1,0,0,0,0,0,0,1,1,0,0,0,0,0,0,2494530,825615,4),
(120,'Nauru','oceania','christianity','austronesian',1,0,0,0,1,0,0,0,1,0,0,0,0,0,0,0,0,0,1,0,1,0,0,0,1,10084,21,0),
(121,'Nepal','asia','hinduism','indo_european',0,1,0,0,0,0,0,0,0,0,0,0,0,0,0,1,0,1,1,0,0,0,0,1,1,28608710,147181,2),
(122,'Netherlands','europe','christianity','indo_european',0,0,0,0,0,0,0,0,0,0,1,0,0,0,1,0,0,1,0,0,1,0,0,0,0,17332850,41850,2),
(123,'New Zealand','oceania','christianity','indo_european',1,0,0,0,1,0,0,0,1,0,0,0,0,0,1,0,0,0,1,1,0,0,1,0,1,4841000,270467,0),
(124,'Nicaragua','americas','christianity','indo_european',0,0,1,0,0,0,0,0,1,0,0,0,0,0,0,0,0,1,0,0,1,0,0,0,0,6545502,130373,2),
(125,'Niger','africa','islam','afro_asiatic',0,1,0,0,0,1,0,0,0,0,0,0,0,0,0,0,0,1,0,0,1,0,0,0,0,23310715,1267000,7),
(126,'Nigeria','africa','mixed','mixed',0,0,0,0,0,0,0,0,0,0,1,0,0,0,0,1,0,0,0,0,0,1,0,0,0,200963599,923768,4),
(127,'North Korea','asia','unaffiliated','koreanic',0,0,0,0,0,0,0,0,1,0,0,0,0,0,0,0,1,1,0,0,0,0,0,0,1,25666161,120538,3),
(128,'North Macedonia','europe','christianity','indo_european',0,1,0,0,0,0,0,0,0,0,0,0,0,0,0,0,0,1,0,0,0,0,0,0,0,1836713,25713,5),
(129,'Norway','europe','christianity','indo_european',0,0,0,0,0,0,0,0,0,0,1,1,0,0,1,0,0,1,0,1,0,0,1,0,0,5347896,323802,3),
(130,'Oman','asia','islam','semitic',0,0,0,0,0,0,0,0,0,1,0,0,0,0,1,0,0,0,0,0,0,0,0,0,0,5266535,309500,3),
(131,'Pakistan','asia','islam','indo_european',0,0,0,0,0,0,0,0,0,1,0,0,0,0,0,1,1,0,1,0,0,0,0,1,1,216565318,881912,4),
(132,'Palau','oceania','christianity','austronesian',1,0,0,0,0,0,0,0,1,0,0,0,0,0,0,0,0,0,0,0,0,0,0,0,0,18233,459,0),
(133,'Panama','americas','christianity','indo_european',0,0,1,0,0,0,0,0,1,0,1,0,0,0,0,0,0,1,0,0,0,0,0,0,1,4246439,75417,2),
(134,'Papua New Guinea','oceania','christianity','mixed',1,0,0,0,1,0,0,0,1,0,0,0,0,0,1,0,0,1,1,0,0,0,0,0,1,8776109,462840,1),
(135,'Paraguay','americas','christianity','indo_european',0,1,1,0,1,0,0,0,0,0,0,0,0,0,0,0,0,0,0,0,1,0,0,0,1,7044636,406752,3),
(136,'Peru','americas','christianity','indo_european',0,0,1,0,0,0,0,0,1,0,0,0,0,0,0,0,0,1,0,0,0,1,0,0,0,32510453,1285216,5),
(137,'Philippines','asia','christianity','austronesian',1,0,0,0,0,0,0,0,1,0,0,0,0,0,0,0,0,1,0,0,0,0,0,0,1,108116615,342353,0),
(138,'Poland','europe','christianity','indo_european',0,0,0,0,0,0,0,0,0,0,0,0,0,0,0,0,0,1,0,0,0,0,0,0,0,37970874,312679,7),
(139,'Portugal','europe','christianity','indo_european',0,0,0,0,0,0,0,0,0,0,1,0,0,0,0,0,0,1,0,0,0,0,0,0,0,10269417,92090,1),
(140,'Qatar','asia','islam','semitic',0,0,0,0,0,0,0,0,0,0,0,0,0,0,1,0,0,1,0,0,0,0,0,0,0,2832067,11586,1),
(141,'Romania','europe','christianity','indo_european',0,0,0,0,0,0,1,0,0,0,0,0,0,0,0,0,0,1,0,0,0,1,0,0,0,19356544,238391,5),
(142,'Russia','europe','christianity','indo_european',0,0,0,0,0,0,0,0,1,0,0,1,1,0,0,1,1,1,0,0,1,0,0,0,0,144373535,17098242,14),
(143,'Rwanda','africa','christianity','niger_congo',0,1,0,0,0,0,0,0,0,0,0,0,0,0,0,0,0,1,0,0,0,0,0,0,0,12626950,26338,4),
(144,'Saint Kitts and Nevis','americas','christianity','indo_european',1,0,0,0,0,0,0,0,0,0,1,0,0,0,1,1,0,1,1,0,0,0,0,0,1,52823,261,0),
(145,'Saint Lucia','americas','christianity','indo_european',1,0,0,0,0,0,0,0,0,0,1,0,0,0,1,0,0,1,1,0,0,0,0,0,0,182790,616,0),
(146,'Saint Vincent and the Grenadines','americas','christianity','indo_european',1,0,0,0,0,0,0,0,0,0,1,0,0,0,1,0,0,0,1,0,0,0,0,0,0,100455,389,0),
(147,'Samoa','oceania','christianity','austronesian',1,0,0,0,1,0,0,0,1,0,0,0,0,0,0,0,0,1,1,0,0,0,0,0,1,202506,2842,0),
(148,'San Marino','europe','christianity','indo_european',0,1,0,0,0,0,0,0,0,0,0,0,0,0,0,0,0,1,0,0,0,0,0,0,0,33860,61,1),
(149,'Saudi Arabia','asia','islam','semitic',0,0,0,0,0,0,0,0,0,0,0,0,0,0,1,0,0,1,0,0,0,0,0,0,0,34268528,2149690,7),
(150,'Senegal','africa','islam','niger_congo',0,0,0,0,0,0,0,0,0,0,1,0,0,0,0,0,0,0,0,0,0,1,0,0,1,16296364,196722,5),
(151,'Serbia','europe','christianity','indo_european',0,1,0,0,0,0,1,0,0,0,0,0,0,0,0,0,0,1,0,0,1,0,0,0,0,6944975,88361,8),
(152,'Seychelles','africa','christianity','indo_european',1,0,0,0,1,0,0,0,0,1,0,0,0,0,0,0,0,1,1,0,0,0,0,0,0,97625,452,0),
(153,'Sierra Leone','africa','islam','niger_congo',0,0,0,0,0,0,0,0,0,0,1,0,0,0,0,0,0,1,0,0,1,0,0,0,0,7813215,71740,2),
(154,'Singapore','asia','buddhism','mixed',1,0,0,0,0,0,0,0,1,1,0,0,0,0,0,0,0,1,1,0,0,0,0,1,1,5703569,710,0),
(155,'Slovakia','europe','christianity','indo_european',0,1,0,0,0,0,1,0,0,0,0,0,0,0,0,0,0,1,0,0,1,0,0,0,0,5454073,49037,5),
(156,'Slovenia','europe','christianity','indo_european',0,0,0,0,0,0,0,0,0,0,0,0,0,1,0,0,0,1,0,0,1,0,0,0,0,2087946,20273,4),
(157,'Solomon Islands','oceania','christianity','austronesian',1,0,0,0,1,0,0,0,1,0,0,0,0,0,1,0,0,1,1,0,0,0,0,0,1,669823,28896,0),
(158,'Somalia','africa','islam','semitic',0,0,0,1,0,0,0,0,0,1,0,0,0,0,0,1,0,0,0,0,0,0,0,0,1,15442905,637657,3),
(159,'South Africa','africa','christianity','mixed',0,0,0,0,1,0,0,0,0,1,1,0,0,0,0,0,0,0,1,0,0,0,0,0,0,58558270,1221037,6),
(160,'South Korea','asia','unaffiliated','koreanic',0,0,0,0,0,0,0,0,1,0,0,0,0,0,0,0,0,1,0,0,0,0,0,0,0,51709098,100210,1),
(161,'South Sudan','africa','christianity','mixed',0,1,0,0,0,0,0,1,0,0,0,0,0,0,0,1,0,1,0,0,0,0,0,0,1,11062113,619745,6),
(162,'Spain','europe','christianity','indo_european',0,0,0,0,0,0,0,0,0,0,1,0,0,1,1,0,0,1,0,0,1,0,0,0,0,47076781,505992,5),
(163,'Sri Lanka','asia','buddhism','indo_european',1,0,0,0,0,0,0,0,0,1,0,0,0,0,0,0,0,0,1,0,0,0,0,0,0,21803000,65610,1),
(164,'Sudan','africa','islam','semitic',0,0,0,0,0,1,0,1,0,0,0,0,0,0,0,1,0,0,0,0,1,0,0,0,0,42813238,1886068,7),
(165,'Suriname','americas','christianity','indo_european',0,0,0,0,0,0,0,0,0,0,1,0,0,0,0,0,0,1,1,0,0,0,0,0,1,581372,163820,3),
(166,'Sweden','europe','christianity','indo_european',0,0,0,0,0,0,0,0,0,0,0,0,0,0,1,0,0,1,0,0,0,0,1,0,0,10285453,450295,2),
(167,'Switzerland','europe','christianity','indo_european',0,1,0,0,0,0,0,0,0,0,0,0,0,0,0,1,0,0,0,0,0,0,1,0,0,8574832,41284,5),
(168,'Syria','asia','islam','semitic',0,0,0,0,0,0,0,0,0,0,0,0,0,1,0,0,0,1,0,0,1,0,0,0,1,17070135,185180,5),
(169,'São Tomé and Príncipe','africa','christianity','indo_european',1,0,0,1,0,0,0,0,0,0,1,0,0,0,0,0,0,1,0,0,1,0,0,0,1,215056,964,0),
(170,'Tajikistan','asia','islam','indo_european',0,1,0,0,0,0,0,0,0,0,0,0,0,0,0,0,0,1,0,0,1,0,0,0,1,9321018,143100,4),
(171,'Tanzania','africa','christianity','niger_congo',0,0,0,0,0,0,0,0,0,1,0,0,0,0,0,0,0,0,1,0,0,0,0,0,0,58005463,945087,8),
(172,'Thailand','asia','buddhism','kra_dai',0,0,0,0,0,0,0,0,1,1,0,0,0,0,1,0,0,1,1,0,0,0,0,0,0,69625582,513120,4),
(173,'Timor-Leste','asia','christianity','austronesian',1,0,0,0,1,0,0,0,1,1,0,0,0,0,0,0,0,1,1,0,0,0,0,0,1,1172390,14874,1),
(174,'Togo','africa','christianity','niger_congo',0,0,0,0,0,0,0,0,0,0,1,0,0,0,0,0,0,1,0,0,0,0,0,0,1,8082366,56785,3),
(175,'Tonga','oceania','christianity','austronesian',1,0,0,0,1,0,0,0,1,0,0,0,0,0,1,0,0,1,1,0,0,0,1,0,0,100209,747,0),
(176,'Trinidad and Tobago','americas','christianity','indo_european',1,0,0,0,0,0,0,0,0,0,1,0,0,0,0,0,0,0,1,0,0,0,0,0,0,1394973,5130,0),
(177,'Tunisia','africa','islam','afro_asiatic',0,0,0,0,0,1,0,0,0,0,0,0,0,1,0,0,0,1,0,0,0,0,0,1,1,11694719,163610,2),
(178,'Turkmenistan','asia','islam','turkic',0,1,0,0,0,0,0,0,0,0,0,0,1,0,0,0,0,1,0,0,0,0,0,1,1,5942089,488100,4),
(179,'Tuvalu','oceania','christianity','austronesian',1,0,0,0,1,0,0,0,1,0,0,0,0,0,1,0,0,0,1,0,0,0,1,0,1,11646,26,0),
(180,'Turkey','asia','islam','turkic',0,0,0,0,0,0,0,0,0,0,0,0,0,1,0,0,0,0,0,0,0,0,0,1,1,83429615,783562,8),
(181,'Uganda','africa','christianity','mixed',0,1,0,1,0,0,0,1,0,0,0,0,0,0,0,0,0,0,1,0,0,0,0,0,0,44269594,241550,5),
(182,'Ukraine','europe','christianity','indo_european',0,0,0,0,0,0,1,0,0,0,0,0,0,0,0,0,0,1,0,0,0,0,0,0,0,44385155,603500,7),
(183,'United Arab Emirates','asia','islam','semitic',0,0,0,0,0,0,0,0,0,1,0,0,0,0,1,1,0,0,0,0,0,0,0,0,0,9770529,83600,2),
(184,'United Kingdom','europe','christianity','indo_european',1,0,0,0,0,0,0,0,0,0,1,0,0,0,1,0,1,1,1,1,0,0,1,0,0,66834405,242900,1),
(185,'United States','americas','christianity','indo_european',0,0,0,0,0,0,0,0,1,0,1,1,0,0,0,0,1,0,0,0,0,0,0,0,1,328239523,9372610,2),
(186,'Uruguay','americas','christianity','indo_european',0,0,1,0,1,0,0,0,0,0,1,0,0,0,0,0,0,1,0,0,0,0,0,0,1,3461734,181034,2),
(187,'Uzbekistan','asia','islam','turkic',0,1,0,0,0,0,0,0,0,0,0,0,0,0,0,0,0,1,0,0,1,0,0,1,1,33580650,447400,5),
(188,'Vanuatu','oceania','christianity','austronesian',1,0,0,0,1,0,0,0,1,0,0,0,0,0,0,0,0,1,0,0,0,0,0,0,0,299882,12189,0),
(189,'Venezuela','americas','christianity','indo_european',0,0,1,0,0,0,0,0,0,0,1,0,0,0,0,1,0,1,0,0,1,0,0,0,1,28515829,916445,3),
(190,'Vietnam','asia','folk_religion','austroasiatic',0,0,0,0,0,0,0,0,1,0,0,0,0,0,0,0,0,0,0,0,0,0,0,0,1,96462106,331212,3),
(191,'Yemen','asia','islam','semitic',0,0,0,0,0,0,0,0,0,1,0,0,0,0,0,0,0,1,0,0,1,0,0,0,0,29161922,527968,2),
(192,'Zambia','africa','christianity','niger_congo',0,1,0,0,1,0,0,0,0,0,0,0,0,0,0,0,0,1,1,0,0,1,0,0,0,17861030,752612,8),
(193,'Zimbabwe','africa','christianity','niger_congo',0,1,0,0,1,0,0,0,0,0,0,0,0,0,0,0,0,1,1,0,0,0,0,0,1,14645468,390757,4);

/*Table structure for table `country_organizations` */

DROP TABLE IF EXISTS `country_organizations`;

CREATE TABLE `country_organizations` (
  `country_id` int(11) NOT NULL,
  `organization_id` int(11) NOT NULL,
  PRIMARY KEY (`country_id`,`organization_id`),
  KEY `fk_country_organizations_organization` (`organization_id`),
  CONSTRAINT `fk_country_organizations_country` FOREIGN KEY (`country_id`) REFERENCES `countries` (`id`) ON DELETE CASCADE,
  CONSTRAINT `fk_country_organizations_organization` FOREIGN KEY (`organization_id`) REFERENCES `organizations` (`id`) ON DELETE CASCADE
) ENGINE=InnoDB DEFAULT CHARSET=utf8mb4 COLLATE=utf8mb4_unicode_ci;

/*Data for the table `country_organizations` */

insert  into `country_organizations`(`country_id`,`organization_id`) values 
(2,2),
(3,5),
(3,11),
(6,4),
(9,4),
(9,9),
(10,1),
(10,7),
(10,8),
(10,9),
(12,4),
(13,5),
(14,4),
(15,4),
(17,1),
(17,2),
(17,7),
(17,8),
(17,9),
(18,4),
(23,4),
(24,3),
(25,4),
(25,10),
(26,1),
(26,2),
(26,7),
(26,8),
(29,10),
(30,4),
(31,2),
(31,4),
(31,6),
(31,9),
(35,9),
(36,3),
(37,9),
(38,5),
(39,11),
(40,9),
(41,1),
(41,2),
(41,7),
(41,8),
(43,1),
(43,4),
(43,8),
(44,1),
(44,2),
(44,7),
(44,9),
(46,1),
(46,2),
(46,7),
(46,9),
(47,5),
(48,4),
(51,3),
(51,5),
(53,11),
(55,1),
(55,2),
(55,7),
(55,8),
(55,9),
(56,4),
(57,3),
(58,4),
(59,1),
(59,2),
(59,7),
(59,8),
(59,9),
(60,1),
(60,2),
(60,6),
(60,7),
(60,8),
(60,9),
(61,4),
(61,11),
(62,4),
(64,1),
(64,2),
(64,6),
(64,7),
(64,8),
(64,9),
(65,4),
(66,1),
(66,2),
(66,7),
(66,8),
(66,9),
(67,4),
(71,4),
(74,1),
(74,2),
(74,7),
(74,9),
(75,2),
(75,7),
(75,9),
(76,3),
(76,4),
(77,3),
(77,10),
(78,3),
(78,11),
(79,5),
(79,11),
(80,1),
(80,8),
(80,9),
(81,9),
(82,1),
(82,2),
(82,6),
(82,7),
(82,8),
(82,9),
(84,4),
(85,6),
(85,9),
(86,5),
(88,4),
(89,4),
(90,5),
(90,11),
(92,10),
(93,1),
(93,2),
(93,7),
(93,8),
(93,9),
(94,5),
(95,4),
(97,5),
(97,11),
(98,7),
(99,1),
(99,2),
(99,7),
(99,8),
(99,9),
(100,1),
(100,2),
(100,7),
(100,8),
(100,9),
(102,4),
(103,4),
(103,10),
(104,4),
(106,1),
(106,4),
(106,7),
(106,8),
(108,5),
(109,4),
(110,9),
(115,2),
(116,5),
(117,4),
(118,10),
(119,4),
(120,4),
(122,1),
(122,2),
(122,7),
(122,8),
(122,9),
(123,4),
(123,9),
(126,4),
(126,11),
(128,2),
(129,2),
(129,7),
(129,9),
(130,5),
(131,4),
(134,4),
(137,10),
(138,1),
(138,2),
(138,7),
(138,9),
(139,1),
(139,2),
(139,7),
(139,8),
(139,9),
(140,5),
(141,1),
(141,2),
(141,7),
(142,3),
(143,4),
(144,4),
(145,4),
(146,4),
(147,4),
(149,3),
(149,5),
(149,11),
(152,4),
(153,4),
(154,4),
(154,10),
(155,1),
(155,2),
(155,7),
(155,8),
(155,9),
(156,1),
(156,2),
(156,7),
(156,8),
(156,9),
(157,4),
(158,5),
(159,3),
(159,4),
(160,9),
(162,1),
(162,2),
(162,7),
(162,8),
(162,9),
(163,4),
(164,5),
(166,1),
(166,2),
(166,7),
(166,9),
(167,7),
(167,9),
(168,5),
(171,4),
(172,10),
(173,10),
(174,4),
(175,4),
(176,4),
(177,5),
(179,4),
(180,2),
(180,9),
(181,4),
(183,3),
(183,5),
(183,11),
(184,2),
(184,4),
(184,6),
(184,9),
(185,2),
(185,6),
(185,9),
(188,4),
(189,11),
(190,10),
(191,5),
(192,4);

/*Table structure for table `country_regions` */

DROP TABLE IF EXISTS `country_regions`;

CREATE TABLE `country_regions` (
  `country_id` int(11) NOT NULL,
  `region_id` int(11) NOT NULL,
  PRIMARY KEY (`country_id`,`region_id`),
  KEY `fk_country_regions_region` (`region_id`),
  CONSTRAINT `fk_country_regions_country` FOREIGN KEY (`country_id`) REFERENCES `countries` (`id`) ON DELETE CASCADE,
  CONSTRAINT `fk_country_regions_region` FOREIGN KEY (`region_id`) REFERENCES `regions` (`id`) ON DELETE CASCADE
) ENGINE=InnoDB DEFAULT CHARSET=utf8mb4 COLLATE=utf8mb4_unicode_ci;

/*Data for the table `country_regions` */

insert  into `country_regions`(`country_id`,`region_id`) values 
(1,14),
(1,15),
(2,10),
(3,11),
(3,12),
(4,7),
(4,10),
(5,12),
(6,1),
(6,3),
(7,4),
(7,5),
(8,9),
(8,13),
(9,18),
(10,7),
(10,8),
(11,9),
(11,13),
(12,1),
(12,3),
(13,13),
(14,15),
(15,1),
(15,3),
(16,9),
(17,7),
(18,1),
(18,2),
(18,5),
(19,12),
(20,15),
(21,4),
(21,5),
(22,10),
(23,12),
(24,4),
(24,5),
(25,17),
(26,9),
(26,10),
(27,12),
(28,12),
(29,17),
(30,12),
(31,1),
(32,12),
(33,12),
(34,12),
(35,4),
(35,5),
(36,16),
(37,4),
(37,5),
(38,12),
(39,12),
(40,1),
(40,2),
(40,5),
(41,8),
(41,10),
(42,1),
(42,3),
(42,5),
(43,10),
(43,13),
(44,8),
(44,9),
(45,12),
(46,6),
(47,12),
(48,1),
(48,3),
(49,1),
(49,3),
(49,5),
(50,4),
(50,5),
(51,11),
(51,12),
(51,13),
(52,1),
(52,2),
(52,5),
(53,12),
(54,12),
(55,6),
(55,9),
(56,12),
(57,12),
(58,18),
(59,6),
(60,7),
(61,12),
(62,12),
(63,9),
(63,13),
(64,7),
(64,8),
(65,12),
(66,10),
(67,1),
(67,3),
(68,1),
(68,2),
(68,5),
(69,12),
(70,12),
(71,4),
(71,5),
(72,1),
(72,3),
(72,5),
(73,1),
(73,2),
(73,5),
(74,8),
(74,9),
(75,6),
(76,15),
(77,17),
(78,13),
(79,13),
(80,6),
(80,7),
(81,13),
(82,10),
(83,12),
(84,1),
(84,3),
(85,16),
(86,13),
(87,14),
(88,12),
(89,18),
(90,13),
(91,14),
(92,17),
(93,6),
(93,9),
(94,13),
(95,12),
(96,12),
(97,11),
(97,12),
(98,7),
(98,8),
(99,6),
(99,9),
(100,7),
(100,8),
(101,12),
(102,12),
(103,17),
(104,15),
(105,12),
(106,10),
(107,18),
(108,11),
(108,12),
(109,12),
(110,1),
(110,2),
(110,5),
(111,18),
(112,9),
(113,7),
(113,10),
(114,14),
(115,10),
(116,11),
(116,12),
(117,12),
(118,17),
(119,12),
(120,18),
(121,15),
(122,7),
(123,18),
(124,1),
(124,2),
(124,5),
(125,12),
(126,12),
(127,16),
(128,10),
(129,6),
(130,13),
(131,15),
(132,18),
(133,1),
(133,2),
(133,5),
(134,18),
(135,4),
(135,5),
(136,4),
(136,5),
(137,17),
(138,8),
(138,9),
(139,7),
(139,10),
(140,13),
(141,9),
(141,10),
(142,9),
(143,12),
(144,1),
(144,3),
(145,1),
(145,3),
(146,1),
(146,3),
(147,18),
(148,10),
(149,13),
(150,12),
(151,10),
(152,12),
(153,12),
(154,17),
(155,8),
(155,9),
(156,8),
(156,10),
(157,18),
(158,12),
(159,12),
(160,16),
(161,12),
(162,7),
(162,10),
(163,15),
(164,11),
(164,12),
(165,4),
(165,5),
(166,6),
(167,7),
(167,8),
(168,13),
(169,12),
(170,14),
(171,12),
(172,17),
(173,17),
(174,12),
(175,18),
(176,1),
(176,3),
(177,11),
(177,12),
(178,14),
(179,18),
(180,10),
(180,13),
(181,12),
(182,9),
(183,13),
(184,6),
(184,7),
(185,1),
(186,4),
(186,5),
(187,14),
(188,18),
(189,4),
(189,5),
(190,17),
(191,13),
(192,12),
(193,12);

/*Table structure for table `organizations` */

DROP TABLE IF EXISTS `organizations`;

CREATE TABLE `organizations` (
  `id` int(11) NOT NULL AUTO_INCREMENT,
  `code` varchar(50) NOT NULL,
  `name` varchar(100) NOT NULL,
  PRIMARY KEY (`id`),
  UNIQUE KEY `code` (`code`),
  UNIQUE KEY `name` (`name`)
) ENGINE=InnoDB AUTO_INCREMENT=12 DEFAULT CHARSET=utf8mb4 COLLATE=utf8mb4_unicode_ci;

/*Data for the table `organizations` */

insert  into `organizations`(`id`,`code`,`name`) values 
(1,'EU','European Union'),
(2,'NATO','North Atlantic Treaty Organization'),
(3,'BRICS','BRICS'),
(4,'COMMONWEALTH','Commonwealth of Nations'),
(5,'ARAB_LEAGUE','Arab League'),
(6,'G7','Group of Seven'),
(7,'SCHENGEN','Schengen Area'),
(8,'EUROZONE','Eurozone'),
(9,'OECD','OECD'),
(10,'ASEAN','Association of Southeast Asian Nations'),
(11,'OPEC','OPEC');

/*Table structure for table `regions` */

DROP TABLE IF EXISTS `regions`;

CREATE TABLE `regions` (
  `id` int(11) NOT NULL AUTO_INCREMENT,
  `code` varchar(50) NOT NULL,
  `name` varchar(100) NOT NULL,
  PRIMARY KEY (`id`),
  UNIQUE KEY `code` (`code`),
  UNIQUE KEY `name` (`name`)
) ENGINE=InnoDB AUTO_INCREMENT=19 DEFAULT CHARSET=utf8mb4 COLLATE=utf8mb4_unicode_ci;

/*Data for the table `regions` */

insert  into `regions`(`id`,`code`,`name`) values 
(1,'NORTH_AMERICA','North America'),
(2,'CENTRAL_AMERICA','Central America'),
(3,'CARIBBEAN','Caribbean'),
(4,'SOUTH_AMERICA','South America'),
(5,'LATIN_AMERICA','Latin America'),
(6,'NORTHERN_EUROPE','Northern Europe'),
(7,'WESTERN_EUROPE','Western Europe'),
(8,'CENTRAL_EUROPE','Central Europe'),
(9,'EASTERN_EUROPE','Eastern Europe'),
(10,'SOUTHERN_EUROPE','Southern Europe'),
(11,'NORTH_AFRICA','North Africa'),
(12,'SUB_SAHARAN_AFRICA','Sub-Saharan Africa'),
(13,'MIDDLE_EAST','Middle East'),
(14,'CENTRAL_ASIA','Central Asia'),
(15,'SOUTH_ASIA','South Asia'),
(16,'EAST_ASIA','East Asia'),
(17,'SOUTHEAST_ASIA','Southeast Asia'),
(18,'OCEANIA','Oceania');

/*!40101 SET SQL_MODE=@OLD_SQL_MODE */;
/*!40014 SET FOREIGN_KEY_CHECKS=@OLD_FOREIGN_KEY_CHECKS */;
/*!40014 SET UNIQUE_CHECKS=@OLD_UNIQUE_CHECKS */;
/*!40111 SET SQL_NOTES=@OLD_SQL_NOTES */;
